{
    "ConvNeuMF": [0.02026, 0.02202, 0.02384, 0.02279, 0.02742],
    "DMF": [0.01203, 0.01412, 0.00907, 0.00725, 0.00765],
    "MultiDAE": [0.03238, 0.03149, 0.03044, 0.01042, 0.02924],
    "MultiVAE": [0.02746, 0.02431, 0.01797, 0.01751, 0.00536],
    "NeuMF": [0.02194, 0.01542, 0.02203, 0.0121, 0.01001],
    "GMF": [0.02472, 0.00878, 0.02248, 0.00532, 0.0124],
    "NGCF": [0.01844, 0.00222, 0.00091, 0.002, 0.01358],
    "ConvMf": [0.02658, 0.028, 0.02797, 0.02951, 0.02942]
}
