{
    "ConvNeuMF": [0.00331, 0.00593, 0.00329, 0.00618, 0.00536],
    "DMF": [0.00312, 0.00593, 0.0101, 0.00875, 0.00224],
    "MultiDAE": [0.01466, 0.00733, 0.00354, 0.00373, 0.00384],
    "MultiVAE": [0.00596, 0.0059, 0.00584, 0.00616, 0.00536],
    "NeuMF": [0.00598, 0.00593, 0.00585, 0.00617, 0.00536],
    "GMF": [0.00442, 0.00418, 0.00444, 0.00376, 0.00318],
    "NGCF": [0.00101, 0.00106, 0.00079, 0.00111, 0.0013],
    "ConvMf": [0.00598, 0.00593, 0.00585, 0.00617, 0.00536]
}
